<?xml version="1.0" encoding="UTF-8"?>
<modification>
	<name>Stock info Status Color</name>
  <code>reds-stock-info-status-color</code>
	<version>1.0</version>
	<author>REDS</author>
	<link>https://www.agenciaprai.com/</link>
	
	<file path="catalog/view/theme/*/template/product/product.twig">
		<operation info="Adicione a label contando o valor em estoque de 0, 5 e mais itens">
			<search><![CDATA[<li>{{ text_stock }} {{ stock }}</li>]]></search>
			<add position="replace"><![CDATA[
				<li>{{ text_stock }} <span class="label {% if (product_info['quantity'] <= 0) %}label-danger{% elseif (product_info['quantity'] <= 5) %}label-warning{% else %}label-success{% endif %}">{{ stock }}</span></li> 
			]]></add>
		</operation>
	</file>
	
	<file path="catalog/controller/product/product.php">
		<operation>
			<search><![CDATA[if ($product_info['quantity'] <= 0) {]]></search>
			<add position="after"><![CDATA[$data['product'] = $product_info['quantity'];]]></add>
		</operation>
		<operation>
			<search><![CDATA[$product_info = $this->model_catalog_product->getProduct($product_id);]]></search>
			<add position="after"><![CDATA[$data['product_info'] = $product_info;]]></add>
		</operation>
	</file>
</modification>